Workbook

Sheet Seed1
A1: Router | B1: NoHosts | C1: SimTime | D1: delivery_prob | E1: overhead_ratio | F1: latency_avg | G1: dropped_messages | H1: removed_messages | I1: dropped_removed_messages
A2: Epidemic | B2: 36 | C2: 43200 | D2: 0.3061 | E2: 412.1247 | F2: 1053.2817 | G2: 185908 | H2: 0 | I2: =G2+H2 -> 185908
A3: Epidemic | B3: 66 | C3: 43200 | D3: 0.2526 | E3: 579.6314 | F3: 1155.9558 | G3: 214519 | H3: 0 | I3: =G3+H3 -> 214519
A4: Epidemic | B4: 96 | C4: 43200 | D4: 0.2333 | E4: 801.7632 | F4: 1127.2164 | G4: 274678 | H4: 0 | I4: =G4+H4 -> 274678
A5: Epidemic | B5: 126 | C5: 43200 | D5: 0.218 | E5: 1101.2539 | F5: 1208.7533 | G5: 351586 | H5: 0 | I5: =G5+H5 -> 351586
A6: Epidemic | B6: 156 | C6: 43200 | D6: 0.2019 | E6: 1528.7973 | F6: 1147.1784 | G6: 452603 | H6: 0 | I6: =G6+H6 -> 452603
A7: Epidemic | B7: 36 | C7: 86400 | D7: 0.3038 | E7: 464.1944 | F7: 1117.861 | G7: 415458 | H7: 0 | I7: =G7+H7 -> 415458
A8: Epidemic | B8: 66 | C8: 86400 | D8: 0.2459 | E8: 665.8792 | F8: 1210.9622 | G8: 481559 | H8: 0 | I8: =G8+H8 -> 481559
A9: Epidemic | B9: 96 | C9: 86400 | D9: 0.2269 | E9: 885.0932 | F9: 1241.2669 | G9: 590504 | H9: 0 | I9: =G9+H9 -> 590504
A10: Epidemic | B10: 126 | C10: 86400 | D10: 0.2147 | E10: 1160.4809 | F10: 1160.9672 | G10: 730534 | H10: 0 | I10: =G10+H10 -> 730534
A11: Epidemic | B11: 156 | C11: 86400 | D11: 0.1993 | E11: 1551.6935 | F11: 1213.0824 | G11: 907705 | H11: 0 | I11: =G11+H11 -> 907705
A12: Epidemic | B12: 36 | C12: 172800 | D12: 0.2997 | E12: 486.428 | F12: 1220.3174 | G12: 859921 | H12: 0 | I12: =G12+H12 -> 859921
A13: Epidemic | B13: 66 | C13: 172800 | D13: 0.2485 | E13: 690.2569 | F13: 1298.9881 | G13: 1010058 | H13: 0 | I13: =G13+H13 -> 1010058
... A61: SprayLearnWait | B61: 156 | C61: 172800 | D61: 0.802 | E61: 2.4444 | F61: 4600.0527 | G61: 13877 | H61: 2608 | I61: =G61+H61 -> 16485

Sheet Seed2
A1: Router | B1: NoHosts | C1: SimTime | D1: delivery_prob | E1: overhead_ratio | F1: latency_avg | G1: dropped_messages | H1: removed_messages | I1: dropped_removed_messages
A2: Epidemic | B2: 36 | C2: 43200 | D2: 0.3163 | E2: 481.3836 | F2: 1227.02 | G2: 224215 | H2: 0 | I2: =G2+H2 -> 224215
A3: Epidemic | B3: 66 | C3: 43200 | D3: 0.2752 | E3: 563.7189 | F3: 1271.3731 | G3: 227284 | H3: 0 | I3: =G3+H3 -> 227284
A4: Epidemic | B4: 96 | C4: 43200 | D4: 0.2387 | E4: 831.1971 | F4: 1216.8131 | G4: 291398 | H4: 0 | I4: =G4+H4 -> 291398
A5: Epidemic | B5: 126 | C5: 43200 | D5: 0.2242 | E5: 1112.2348 | F5: 1367.0991 | G5: 365069 | H5: 0 | I5: =G5+H5 -> 365069
A6: Epidemic | B6: 156 | C6: 43200 | D6: 0.1971 | E6: 1587.5225 | F6: 1211.0152 | G6: 458807 | H6: 0 | I6: =G6+H6 -> 458807
A7: Epidemic | B7: 36 | C7: 86400 | D7: 0.3041 | E7: 495.1246 | F7: 1193.002 | G7: 443495 | H7: 0 | I7: =G7+H7 -> 443495
A8: Epidemic | B8: 66 | C8: 86400 | D8: 0.2524 | E8: 619.2382 | F8: 1198.5835 | G8: 459758 | H8: 0 | I8: =G8+H8 -> 459758
A9: Epidemic | B9: 96 | C9: 86400 | D9: 0.2351 | E9: 872.4311 | F9: 1245.998 | G9: 603040 | H9: 0 | I9: =G9+H9 -> 603040
A10: Epidemic | B10: 126 | C10: 86400 | D10: 0.215 | E10: 1167.1049 | F10: 1283.1836 | G10: 735839 | H10: 0 | I10: =G10+H10 -> 735839
A11: Epidemic | B11: 156 | C11: 86400 | D11: 0.1922 | E11: 1642.9325 | F11: 1186.8989 | G11: 926536 | H11: 0 | I11: =G11+H11 -> 926536
A12: Epidemic | B12: 36 | C12: 172800 | D12: 0.3057 | E12: 499.8298 | F12: 1186.0904 | G12: 900957 | H12: 0 | I12: =G12+H12 -> 900957
A13: Epidemic | B13: 66 | C13: 172800 | D13: 0.2562 | E13: 650.0306 | F13: 1240.3477 | G13: 980774 | H13: 0 | I13: =G13+H13 -> 980774
... A61: SprayLearnWait | B61: 156 | C61: 172800 | D61: 0.802 | E61: 2.4761 | F61: 4667.3619 | G61: 13870 | H61: 2739 | I61: =G61+H61 -> 16609

Sheet Seed3
A1: Router | B1: NoHosts | C1: SimTime | D1: delivery_prob | E1: overhead_ratio | F1: latency_avg | G1: dropped_messages | H1: removed_messages | I1: dropped_removed_messages
A2: Epidemic | B2: 36 | C2: 43200 | D2: 0.302 | E2: 552.5169 | F2: 1060.3533 | G2: 245632 | H2: 0 | I2: =G2+H2 -> 245632
A3: Epidemic | B3: 66 | C3: 43200 | D3: 0.2567 | E3: 617.0507 | F3: 1261.76 | G3: 232074 | H3: 0 | I3: =G3+H3 -> 232074
A4: Epidemic | B4: 96 | C4: 43200 | D4: 0.236 | E4: 818.7283 | F4: 1271.8691 | G4: 283728 | H4: 0 | I4: =G4+H4 -> 283728
A5: Epidemic | B5: 126 | C5: 43200 | D5: 0.2249 | E5: 1100.9574 | F5: 1044.2264 | G5: 362475 | H5: 0 | I5: =G5+H5 -> 362475
A6: Epidemic | B6: 156 | C6: 86400 | D6: 0.2121 | E6: 1450.4051 | F6: 1215.8936 | G6: 451113 | H6: 0 | I6: =G6+H6 -> 451113
A7: Epidemic | B7: 36 | C7: 86400 | D7: 0.285 | E7: 535.3832 | F7: 1107.2884 | G7: 449369 | H7: 0 | I7: =G7+H7 -> 449369
A8: Epidemic | B8: 66 | C8: 86400 | D8: 0.2517 | E8: 655.8277 | F8: 1321.1745 | G8: 485467 | H8: 0 | I8: =G8+H8 -> 485467
A9: Epidemic | B9: 96 | C9: 86400 | D9: 0.2317 | E9: 877.2327 | F9: 1318.6007 | G9: 597589 | H9: 0 | I9: =G9+H9 -> 597589
A10: Epidemic | B10: 126 | C10: 86400 | D10: 0.2161 | E10: 1181.1313 | F10: 1153.6394 | G10: 748219 | H10: 0 | I10: =G10+H10 -> 748219
A11: Epidemic | B11: 156 | C11: 172800 | D11: 0.201 | E11: 1568.9813 | F11: 1337.3211 | G11: 925673 | H11: 0 | I11: =G11+H11 -> 925673
A12: Epidemic | B12: 36 | C12: 172800 | D12: 0.2961 | E12: 496.8312 | F12: 1210.8569 | G12: 867758 | H12: 0 | I12: =G12+H12 -> 867758
A13: Epidemic | B13: 66 | C13: 172800 | D13: 0.2514 | E13: 678.3686 | F13: 1298.6441 | G13: 1004337 | H13: 0 | I13: =G13+H13 -> 1004337
... A61: SprayLearnWait | B61: 156 | C61: 172800 | D61: 0.8071 | E61: 2.4494 | F61: 4772.7012 | G61: 13936 | H61: 2634 | I61: =G61+H61 -> 16570

Sheet RouterComparisonAverages
A1: Router | B1: NoHosts | C1: SimTime | D1: delivery_prob.mean | E1: overhead_ratio.mean | F1: latency_avg.mean | G1: dropped_removed_messages.mean | H1: delivery_prob.sd | I1: overhead_ratio.sd | J1: latency_avg.sd | K1: dropped_removed_messages.sd
A2: Epidemic | B2: 36 | C2: 0.5 days | D2: =AVERAGE(Seed1!D2,Seed2!D2,Seed3!D2) -> 0.30813333 | E2: =AVERAGE(Seed1!E2,Seed2!E2,Seed3!E2) -> 482.0084 | F2: =AVERAGE(Seed1!F2,Seed2!F2,Seed3!F2) -> 1113.5517 | G2: =AVERAGE(Seed1!I2,Seed2!I2,Seed3!I2) -> 218585 | H2: =STDEV(Seed1!D2,Seed2!D2,Seed3!D2) -> 0.0073636495 | I2: =STDEV(Seed1!E2,Seed2!E2,Seed3!E2) -> 70.198185 | J2: =STDEV(Seed1!F2,Seed2!F2,Seed3!F2) -> 98.330051 | K2: =STDEV(Seed1!I2,Seed2!I2,Seed3!I2) -> 30257.424
A3: Epidemic | B3: 66 | C3: 0.5 days | D3: =AVERAGE(Seed1!D3,Seed2!D3,Seed3!D3) -> 0.2615 | E3: =AVERAGE(Seed1!E3,Seed2!E3,Seed3!E3) -> 586.80033 | F3: =AVERAGE(Seed1!F3,Seed2!F3,Seed3!F3) -> 1229.6963 | G3: =AVERAGE(Seed1!I3,Seed2!I3,Seed3!I3) -> 224625.67 | H3: =STDEV(Seed1!D3,Seed2!D3,Seed3!D3) -> 0.012040349 | I3: =STDEV(Seed1!E3,Seed2!E3,Seed3!E3) -> 27.379106 | J3: =STDEV(Seed1!F3,Seed2!F3,Seed3!F3) -> 64.041775 | K3: =STDEV(Seed1!I3,Seed2!I3,Seed3!I3) -> 9074.3902
A4: Epidemic | B4: 96 | C4: 0.5 days | D4: =AVERAGE(Seed1!D4,Seed2!D4,Seed3!D4) -> 0.236 | E4: =AVERAGE(Seed1!E4,Seed2!E4,Seed3!E4) -> 817.22953 | F4: =AVERAGE(Seed1!F4,Seed2!F4,Seed3!F4) -> 1205.2995 | G4: =AVERAGE(Seed1!I4,Seed2!I4,Seed3!I4) -> 283268 | H4: =STDEV(Seed1!D4,Seed2!D4,Seed3!D4) -> 0.0027 | I4: =STDEV(Seed1!E4,Seed2!E4,Seed3!E4) -> 14.774077 | J4: =STDEV(Seed1!F4,Seed2!F4,Seed3!F4) -> 73.010428 | K4: =STDEV(Seed1!I4,Seed2!I4,Seed3!I4) -> 8369.4862
A5: Epidemic | B5: 126 | C5: 0.5 days | D5: =AVERAGE(Seed1!D5,Seed2!D5,Seed3!D5) -> 0.22236667 | E5: =AVERAGE(Seed1!E5,Seed2!E5,Seed3!E5) -> 1104.8154 | F5: =AVERAGE(Seed1!F5,Seed2!F5,Seed3!F5) -> 1206.6929 | G5: =AVERAGE(Seed1!I5,Seed2!I5,Seed3!I5) -> 359710 | H5: =STDEV(Seed1!D5,Seed2!D5,Seed3!D5) -> 0.0037978064 | I5: =STDEV(Seed1!E5,Seed2!E5,Seed3!E5) -> 6.4271278 | J5: =STDEV(Seed1!F5,Seed2!F5,Seed3!F5) -> 161.44621 | K5: =STDEV(Seed1!I5,Seed2!I5,Seed3!I5) -> 7154.1415
A6: Epidemic | B6: 156 | C6: 0.5 days | D6: =AVERAGE(Seed1!D6,Seed2!D6,Seed3!D6) -> 0.2037 | E6: =AVERAGE(Seed1!E6,Seed2!E6,Seed3!E6) -> 1522.2416 | F6: =AVERAGE(Seed1!F6,Seed2!F6,Seed3!F6) -> 1191.3624 | G6: =AVERAGE(Seed1!I6,Seed2!I6,Seed3!I6) -> 454174.33 | H6: =STDEV(Seed1!D6,Seed2!D6,Seed3!D6) -> 0.0076602872 | I6: =STDEV(Seed1!E6,Seed2!E6,Seed3!E6) -> 68.793371 | J6: =STDEV(Seed1!F6,Seed2!F6,Seed3!F6) -> 38.342132 | K6: =STDEV(Seed1!I6,Seed2!I6,Seed3!I6) -> 4080.5913
A7: Epidemic | B7: 36 | C7: 1 day | D7: =AVERAGE(Seed1!D7,Seed2!D7,Seed3!D7) -> 0.29763333 | E7: =AVERAGE(Seed1!E7,Seed2!E7,Seed3!E7) -> 498.23407 | F7: =AVERAGE(Seed1!F7,Seed2!F7,Seed3!F7) -> 1139.3838 | G7: =AVERAGE(Seed1!I7,Seed2!I7,Seed3!I7) -> 436107.33 | H7: =STDEV(Seed1!D7,Seed2!D7,Seed3!D7) -> 0.010941816 | I7: =STDEV(Seed1!E7,Seed2!E7,Seed3!E7) -> 35.696119 | J7: =STDEV(Seed1!F7,Seed2!F7,Seed3!F7) -> 46.734661 | K7: =STDEV(Seed1!I7,Seed2!I7,Seed3!I7) -> 18122.422
A8: Epidemic | B8: 66 | C8: 1 day | D8: =AVERAGE(Seed1!D8,Seed2!D8,Seed3!D8) -> 0.25 | E8: =AVERAGE(Seed1!E8,Seed2!E8,Seed3!E8) -> 646.9817 | F8: =AVERAGE(Seed1!F8,Seed2!F8,Seed3!F8) -> 1243.5734 | G8: =AVERAGE(Seed1!I8,Seed2!I8,Seed3!I8) -> 475594.67 | H8: =STDEV(Seed1!D8,Seed2!D8,Seed3!D8) -> 0.0035679126 | I8: =STDEV(Seed1!E8,Seed2!E8,Seed3!E8) -> 24.546578 | J8: =STDEV(Seed1!F8,Seed2!F8,Seed3!F8) -> 67.488933 | K8: =STDEV(Seed1!I8,Seed2!I8,Seed3!I8) -> 13853.452
A9: Epidemic | B9: 96 | C9: 1 day | D9: =AVERAGE(Seed1!D9,Seed2!D9,Seed3!D9) -> 0.23123333 | E9: =AVERAGE(Seed1!E9,Seed2!E9,Seed3!E9) -> 878.25233 | F9: =AVERAGE(Seed1!F9,Seed2!F9,Seed3!F9) -> 1268.6219 | G9: =AVERAGE(Seed1!I9,Seed2!I9,Seed3!I9) -> 597044.33 | H9: =STDEV(Seed1!D9,Seed2!D9,Seed3!D9) -> 0.0041198705 | I9: =STDEV(Seed1!E9,Seed2!E9,Seed3!E9) -> 6.3923339 | J9: =STDEV(Seed1!F9,Seed2!F9,Seed3!F9) -> 43.347534 | K9: =STDEV(Seed1!I9,Seed2!I9,Seed3!I9) -> 6285.7235
A10: Epidemic | B10: 126 | C10: 1 day | D10: =AVERAGE(Seed1!D10,Seed2!D10,Seed3!D10) -> 0.21526667 | E10: =AVERAGE(Seed1!E10,Seed2!E10,Seed3!E10) -> 1169.5724 | F10: =AVERAGE(Seed1!F10,Seed2!F10,Seed3!F10) -> 1199.2634 | G10: =AVERAGE(Seed1!I10,Seed2!I10,Seed3!I10) -> 738197.33 | H10: =STDEV(Seed1!D10,Seed2!D10,Seed3!D10) -> 0.00073711148 | I10: =STDEV(Seed1!E10,Seed2!E10,Seed3!E10) -> 10.544005 | J10: =STDEV(Seed1!F10,Seed2!F10,Seed3!F10) -> 72.769321 | K10: =STDEV(Seed1!I10,Seed2!I10,Seed3!I10) -> 9075.3021
A11: Epidemic | B11: 156 | C11: 1 day | D11: =AVERAGE(Seed1!D11,Seed2!D11,Seed3!D11) -> 0.1975 | E11: =AVERAGE(Seed1!E11,Seed2!E11,Seed3!E11) -> 1587.8691 | F11: =AVERAGE(Seed1!F11,Seed2!F11,Seed3!F11) -> 1245.7675 | G11: =AVERAGE(Seed1!I11,Seed2!I11,Seed3!I11) -> 919971.33 | H11: =STDEV(Seed1!D11,Seed2!D11,Seed3!D11) -> 0.004667976 | I11: =STDEV(Seed1!E11,Seed2!E11,Seed3!E11) -> 48.463394 | J11: =STDEV(Seed1!F11,Seed2!F11,Seed3!F11) -> 80.361339 | K11: =STDEV(Seed1!I11,Seed2!I11,Seed3!I11) -> 10631.716
A12: Epidemic | B12: 36 | C12: 2 days | D12: =AVERAGE(Seed1!D12,Seed2!D12,Seed3!D12) -> 0.3005 | E12: =AVERAGE(Seed1!E12,Seed2!E12,Seed3!E12) -> 494.363 | F12: =AVERAGE(Seed1!F12,Seed2!F12,Seed3!F12) -> 1205.7549 | G12: =AVERAGE(Seed1!I12,Seed2!I12,Seed3!I12) -> 876212 | H12: =STDEV(Seed1!D12,Seed2!D12,Seed3!D12) -> 0.0048497423 | I12: =STDEV(Seed1!E12,Seed2!E12,Seed3!E12) -> 7.0335673 | J12: =STDEV(Seed1!F12,Seed2!F12,Seed3!F12) -> 17.674691 | K12: =STDEV(Seed1!I12,Seed2!I12,Seed3!I12) -> 21785.108
A13: Epidemic | B13: 66 | C13: 2 days | D13: =AVERAGE(Seed1!D13,Seed2!D13,Seed3!D13) -> 0.25203333 | E13: =AVERAGE(Seed1!E13,Seed2!E13,Seed3!E13) -> 672.88537 | F13: =AVERAGE(Seed1!F13,Seed2!F13,Seed3!F13) -> 1279.3266 | G13: =AVERAGE(Seed1!I13,Seed2!I13,Seed3!I13) -> 998389.67 | H13: =STDEV(Seed1!D13,Seed2!D13,Seed3!D13) -> 0.003888873 | I13: =STDEV(Seed1!E13,Seed2!E13,Seed3!E13) -> 20.666112 | J13: =STDEV(Seed1!F13,Seed2!F13,Seed3!F13) -> 33.757185 | K13: =STDEV(Seed1!I13,Seed2!I13,Seed3!I13) -> 15521.477
... A61: SprayLearnWait | B61: 156 | C61: 2 days | D61: =AVERAGE(Seed1!D61,Seed2!D61,Seed3!D61) -> 0.8037 | E61: =AVERAGE(Seed1!E61,Seed2!E61,Seed3!E61) -> 2.4566333 | F61: =AVERAGE(Seed1!F61,Seed2!F61,Seed3!F61) -> 4680.0386 | G61: =AVERAGE(Seed1!I61,Seed2!I61,Seed3!I61) -> 16554.667 | H61: =STDEV(Seed1!D61,Seed2!D61,Seed3!D61) -> 0.0029444864 | I61: =STDEV(Seed1!E61,Seed2!E61,Seed3!E61) -> 0.017042985 | J61: =STDEV(Seed1!F61,Seed2!F61,Seed3!F61) -> 87.019539 | K61: =STDEV(Seed1!I61,Seed2!I61,Seed3!I61) -> 63.406099
